{
  "users": [
    {
      "firstName": "homer",
      "lastName": "simpson",
      "email": "homer@simpson.com",
      "password": "secret",
      "id": "3ad52697-6d98-4d80-8273-084de55a86c0"
    },
    {
      "firstName": "marge",
      "lastName": "simpson",
      "email": "marge@simpson.com",
      "password": "secret",
      "id": "2b6f0989-7b7f-4a38-ad26-aa06b922d751"
    },
    {
      "firstName": "Ciaran",
      "lastName": "Crowley",
      "email": "ciarancrowley37@gmail.com",
      "password": "5963",
      "id": "ef4709f4-cd65-4c22-ae5e-b3e727aaab3f"
    }
  ]
}